-- phpMyAdmin SQL Dump
-- version 4.5.1
-- http://www.phpmyadmin.net
--
-- Host: 127.0.0.1
-- Generation Time: Sep 14, 2017 at 05:06 AM
-- Server version: 5.7.9
-- PHP Version: 5.6.15

SET SQL_MODE = "NO_AUTO_VALUE_ON_ZERO";
SET time_zone = "+00:00";


/*!40101 SET @OLD_CHARACTER_SET_CLIENT=@@CHARACTER_SET_CLIENT */;
/*!40101 SET @OLD_CHARACTER_SET_RESULTS=@@CHARACTER_SET_RESULTS */;
/*!40101 SET @OLD_COLLATION_CONNECTION=@@COLLATION_CONNECTION */;
/*!40101 SET NAMES utf8mb4 */;

--
-- Database: `db_dataentry_software`
--

-- --------------------------------------------------------

--
-- Table structure for table `tbl_agent`
--

DROP TABLE IF EXISTS `tbl_agent`;
CREATE TABLE IF NOT EXISTS `tbl_agent` (
  `agent_id` int(11) NOT NULL AUTO_INCREMENT,
  `group_id` int(11) NOT NULL,
  `agent_name` varchar(255) NOT NULL,
  `agent_dob` date NOT NULL,
  `agent_email` varchar(255) NOT NULL,
  `agent_phone` varchar(255) NOT NULL,
  `agent_username` varchar(255) NOT NULL,
  `agent_password` varchar(255) NOT NULL,
  `login_time` time NOT NULL,
  `logout_time` time NOT NULL,
  `ip_address` varchar(250) NOT NULL,
  `last_login` datetime DEFAULT NULL,
  `last_browser_used` varchar(255) DEFAULT NULL,
  `status` tinyint(1) NOT NULL,
  `islogin` tinyint(1) NOT NULL DEFAULT '0',
  PRIMARY KEY (`agent_id`)
) ENGINE=MyISAM AUTO_INCREMENT=5 DEFAULT CHARSET=latin1;

--
-- Dumping data for table `tbl_agent`
--

INSERT INTO `tbl_agent` (`agent_id`, `group_id`, `agent_name`, `agent_dob`, `agent_email`, `agent_phone`, `agent_username`, `agent_password`, `login_time`, `logout_time`, `ip_address`, `last_login`, `last_browser_used`, `status`, `islogin`) VALUES
(1, 1, 'John Doe', '2017-09-08', 'johndoe@gmail.com', '9800261032', 'info2dev', '5f4dcc3b5aa765d61d8327deb882cf99', '10:00:00', '23:00:00', '::1', '2017-09-12 07:07:02', 'Mozilla/5.0 (Windows NT 6.1) AppleWebKit/537.36 (KHTML, like Gecko) Chrome/60.0.3112.113 Safari/537.36', 1, 1),
(2, 1, 'John Cena', '2016-12-01', 'cena.john@gmail.com', '9800126401', 'cena.john@gmail.com', '5f4dcc3b5aa765d61d8327deb882cf99', '10:30:00', '20:30:00', '::1', '2017-09-12 05:20:51', 'Mozilla/5.0 (Windows NT 6.1) AppleWebKit/537.36 (KHTML, like Gecko) Chrome/60.0.3112.113 Safari/537.36', 1, 0),
(3, 1, 'Mark Doe', '2010-01-05', 'agent47@gmail.com', '5645789654', 'agent47@gmail.com', '5f4dcc3b5aa765d61d8327deb882cf99', '13:00:00', '18:00:00', '::1', '2017-09-12 05:29:55', 'Mozilla/5.0 (Windows NT 6.1) AppleWebKit/537.36 (KHTML, like Gecko) Chrome/60.0.3112.113 Safari/537.36', 1, 0);

-- --------------------------------------------------------

--
-- Table structure for table `tbl_assigment`
--

DROP TABLE IF EXISTS `tbl_assigment`;
CREATE TABLE IF NOT EXISTS `tbl_assigment` (
  `assigment_id` int(11) NOT NULL AUTO_INCREMENT,
  `assigment_name` varchar(255) NOT NULL,
  `from_date` date NOT NULL,
  `to_date` date NOT NULL,
  `status` tinyint(1) NOT NULL,
  `date_of_create` date NOT NULL,
  PRIMARY KEY (`assigment_id`)
) ENGINE=MyISAM AUTO_INCREMENT=2 DEFAULT CHARSET=latin1;

--
-- Dumping data for table `tbl_assigment`
--

INSERT INTO `tbl_assigment` (`assigment_id`, `assigment_name`, `from_date`, `to_date`, `status`, `date_of_create`) VALUES
(1, 'Bank Data Assigment', '2017-09-12', '2017-09-22', 1, '2017-09-12');

-- --------------------------------------------------------

--
-- Table structure for table `tbl_dataforentry`
--

DROP TABLE IF EXISTS `tbl_dataforentry`;
CREATE TABLE IF NOT EXISTS `tbl_dataforentry` (
  `data_id` int(11) NOT NULL AUTO_INCREMENT,
  `assigment_id` int(11) NOT NULL,
  `agent_id` int(11) NOT NULL,
  `gropu_id` int(11) NOT NULL,
  `login_id` varchar(255) CHARACTER SET utf8 COLLATE utf8_bin NOT NULL,
  `given_name` varchar(255) CHARACTER SET utf8 COLLATE utf8_bin NOT NULL,
  `surname` varchar(255) CHARACTER SET utf8 COLLATE utf8_bin NOT NULL,
  `gender` varchar(255) CHARACTER SET utf8 COLLATE utf8_bin NOT NULL,
  `street_address` varchar(255) CHARACTER SET utf8 COLLATE utf8_bin NOT NULL,
  `city` varchar(255) CHARACTER SET utf8 COLLATE utf8_bin NOT NULL,
  `state` varchar(255) CHARACTER SET utf8 COLLATE utf8_bin NOT NULL,
  `country` varchar(255) CHARACTER SET utf8 COLLATE utf8_bin NOT NULL,
  `zip_code` varchar(255) CHARACTER SET utf8 COLLATE utf8_bin NOT NULL,
  `age` varchar(255) CHARACTER SET utf8 COLLATE utf8_bin NOT NULL,
  `birthday` varchar(255) CHARACTER SET utf8 COLLATE utf8_bin NOT NULL,
  `telephone_number` varchar(255) CHARACTER SET utf8 COLLATE utf8_bin NOT NULL,
  `email` varchar(255) CHARACTER SET utf8 COLLATE utf8_bin NOT NULL,
  `username` varchar(255) CHARACTER SET utf8 COLLATE utf8_bin NOT NULL,
  `password` varchar(255) CHARACTER SET utf8 COLLATE utf8_bin NOT NULL,
  `user_agent` varchar(255) CHARACTER SET utf8 COLLATE utf8_bin NOT NULL,
  `domain` varchar(255) CHARACTER SET utf8 COLLATE utf8_bin NOT NULL,
  `national_id` varchar(255) CHARACTER SET utf8 COLLATE utf8_bin NOT NULL,
  `cc_type` varchar(255) CHARACTER SET utf8 COLLATE utf8_bin NOT NULL,
  `ccv2` varchar(255) CHARACTER SET utf8 COLLATE utf8_bin NOT NULL,
  `ccexpires` varchar(255) CHARACTER SET utf8 COLLATE utf8_bin DEFAULT NULL,
  `cc_number` varchar(255) CHARACTER SET utf8 COLLATE utf8_bin NOT NULL,
  `occupation` varchar(255) CHARACTER SET utf8 COLLATE utf8_bin NOT NULL,
  `company` varchar(255) CHARACTER SET utf8 COLLATE utf8_bin NOT NULL,
  `western_union_mtcn` varchar(255) CHARACTER SET utf8 COLLATE utf8_bin NOT NULL,
  `money_gram_mtcn` varchar(255) CHARACTER SET utf8 COLLATE utf8_bin NOT NULL,
  `ups` varchar(255) CHARACTER SET utf8 COLLATE utf8_bin NOT NULL,
  `status` tinyint(1) NOT NULL,
  `excel_file_name` varchar(255) CHARACTER SET utf8 COLLATE utf8_bin NOT NULL,
  PRIMARY KEY (`data_id`)
) ENGINE=MyISAM AUTO_INCREMENT=16 DEFAULT CHARSET=latin1;

--
-- Dumping data for table `tbl_dataforentry`
--

INSERT INTO `tbl_dataforentry` (`data_id`, `assigment_id`, `agent_id`, `gropu_id`, `login_id`, `given_name`, `surname`, `gender`, `street_address`, `city`, `state`, `country`, `zip_code`, `age`, `birthday`, `telephone_number`, `email`, `username`, `password`, `user_agent`, `domain`, `national_id`, `cc_type`, `ccv2`, `ccexpires`, `cc_number`, `occupation`, `company`, `western_union_mtcn`, `money_gram_mtcn`, `ups`, `status`, `excel_file_name`) VALUES
(1, 1, 1, 1, 'Jingjong01', 'Naruto', 'Shipuden', 'Male', 'Nija Galeb Street', 'Secret', 'Secret', 'Ninku', '7', '108', '1.8.1995', '700000007', 'iamhokage@gmail.com', 'Nuru', 'NuruMuruChunu', 'Sasuke', 'Milking', '78', 'SuSu', '121212', '2032', '101010', 'Ninja', 'Ninja School of Kicking ass', '$@@%@$@4424', '24324#@@424', 'Nijitsu', 1, '1505211986Dhoperchop.xls'),
(2, 1, 1, 1, 'Jingjong02', 'Sasuke', 'Something', 'Male', 'Hawa Mahel niku', 'Extra Secert with cherry on top', 'I''ll kill u before I tell you', 'Nijitsuitree', '7000056', '128', '25.6.1994', '678675645', 'iamgonnabevillian@gmail.com', 'Suruchu', 'ChimichinChu', 'Naruto', 'Drinking', '24', 'FSF', '4242', '43033', '$@$@$', 'Super Villian', 'Kratos', '$@$322424#@', '#@#2424#@', 'jaysfsfs', 1, '1505211986Dhoperchop.xls'),
(3, 1, 1, 1, 'Jingjong03', 'Chun Lee', 'Lee', 'Female', 'Where Chun''s go to lee', 'Lee City', 'Lee State', 'Leetry', 'Lee Code', '25', '16.9.1991', 'Numero Lee- 0000535', 'iamlee@gmail.com', 'Wholee', 'YouLee', 'Agent Lee', 'Running', '53', 'Lee Guan', '53535', '43069', '543653', 'Street Fighter', 'Quarry', '%@$%@$#@!$@42', '444$@$424', 'JayaLee', 0, '1505211986Dhoperchop.xls'),
(4, 1, 1, 1, 'Jingjong04', 'Ryan', 'Gostling', 'Male', 'Celeb Street , Hollywood', 'oCleb Street', 'Sceleb State', 'Celebtry', '70000654', '32', '25.5.2004', '4335353535', 'iamceleb@gmail.com', 'RyanJingjong', 'Twinklestar', 'Randomtechguy', 'Sprinting', '24', 'gugugaga', '353535', '43072', '5352425', 'Celebrity Actor', 'Mine', '$@$44432424', '242$@$2', 'Celbscore', 0, '1505211986Dhoperchop.xls'),
(5, 1, 1, 1, 'Jingjong05', 'Mumra', 'Ever living', 'Other', 'Pyramid 11/3 Egypt', 'Pyramid Street', 'Pyramid State', 'Egypt', '45353535', '10000', '1.10.12 B.C', '53535353553', 'iammumra@gmail.com', 'MumraEverlove', 'Lovemeimamumy', 'Haloween agent', 'Jinxing', '535', 'Chukunu', '5353535', '42752', '435364', 'Magician', 'Magic', '55353535', '535353535', 'Mummyfier', 0, '1505211986Dhoperchop.xls'),
(6, 1, 2, 1, 'spin2win', 'Juggernaut', 'Dpintowin', 'Male', 'Spinner strreet 140 ', 'Spin City 360', 'the state of confusion', 'Whirlwind', '700067', '21', '17.4.1993', '342432535', 'iamthejuggernaut', 'juggerpin', 'spinmofospin', 'IOisHere', 'MOBA', '424', '3232', '4224', '2424', '42242', 'Matial artist spinner', 'DOTA', '42424', '242424', '4244224', 0, '1505212177Dhoperchopnew.xls'),
(7, 1, 2, 1, 'isleepwithyen', 'Gerald', 'Lovecraft', 'Male', 'some mediaval Steeet 101', 'Some mediaval City 102', 'Some mediaval state 103', 'Some mediaval Country 104', '567853', '56', '20.10.1991', '6463453', 'iamawitcher@gmail.com', 'witchersecyboy', 'Igetthembabies', 'Yeniffer', 'Action Adventure', '424', '42342', '24242', '43033', '24242', 'Witcher', 'School of the Wolf', '242424242', '6352525', '242424', 0, '1505212177Dhoperchopnew.xls'),
(8, 1, 2, 1, 'isukandpeirce', 'Vayne', 'Storm', 'Female', 'where the archers lie 56th street', 'City of marksmen', 'Target state', 'Archer country', '786557', '33244', '16.4.1424', '4354353535', 'iamvayne@gmail.com', 'vaynemarksman', 'terribleaim', 'Announcer', 'MOBA', '646', '4224', '432424', '43063', '42424', 'Vampire Markman', 'League of Legends', '6624525252', '52345345', '536437', 0, '1505212177Dhoperchopnew.xls'),
(9, 1, 2, 1, 'iripemoff', 'Bayonneta', 'Showstopper', 'Female', 'Magical Fields hallway', 'Mageshere city', 'State of Decay', 'Treecuntinues', '7000454', '232', '16.12.1003', '435325435', 'iamstripper@gmail.com', 'striptowin', 'beam on shit', 'Magic wand', 'Action Hack and Slash', '2432', '4242', '242424', '42809', '424242', 'Magical Demi God', 'Nintendo', '24242342', '4', '42424', 0, '1505212177Dhoperchopnew.xls'),
(10, 1, 2, 1, 'justtakingursoul', 'Grim', 'Reaper', 'Others', 'the pathway to hell 101', 'Dead City', 'Stay of Decay', 'Hell', '700343', '2342', '15.10.1991', '435353535', 'justhereforcorpses@gmail.com', 'itakethysoul', 'touchmenot', 'Balthazar', 'Dominion of Hell', '43253', '242424', '6643646', '42842', '426y585', 'Soul Taker', 'Hell Incorporated', '35464236', '5643652452', '54325246524365', 0, '1505212177Dhoperchopnew.xls'),
(11, 1, 3, 1, 'bitchimmagical', 'Harry', 'Potter', 'Male', 'Some Shitty Magical place', 'Magical Shit City', 'Magical Shit State', 'Magican British Kid country', '4234040240', '24', '20.10.1991', '4353536535', 'iammagical@gmail.com', 'yoimmagical', 'shhimmagical', 'Magical Agent', 'Defence Magic', '44', '42424', '42424', '42424', '424242', 'Magical Wizard', 'Aurors', '424242', '4242424', '242442424', 1, '1505212191Dhoperchopnews.xls'),
(12, 1, 3, 1, 'Kakashi', 'Darth', 'Vader', 'Other', 'he;s in outer space idiot', 'Outer Space idiot', 'OUTER SPACE DAMMIT', 'he owns an empire', '0', '424', '56.10.1991', 'r535356364764', 'iamdarth@gmail.com', 'bitchimdarth', 'chokeu2death', 'Palpatine', 'Uzumaki', '42', '55353', '25252', '536', '53747', 'Sith Lord', 'Naruto', '523523463', '645633', '4253644737634', 0, '1505212191Dhoperchopnews.xls'),
(13, 1, 3, 1, 'italianstaionnigga', 'Rocky Balboa', 'Balboa', 'Male', 'Watch the movie idiot', 'watch the movie', 'watch the damn movie', 'America', '533535', '32', '13.10.1991', '42502532058', 'iamrocky@gmail.com', 'italianstalion', 'onehookman', 'Oldguytainer', 'Boxing', '424', '32424', '42424', '23802', '23424', 'Boxer', 'Boxing Utopia', '$@$$$@$@4523', '42343242', '$424242424+24', 0, '1505212191Dhoperchopnews.xls'),
(14, 1, 3, 1, 'Raidnightison', 'Indiana', 'Jones', 'Male', 'London museum street 1/4', 'Yorkshire', 'London state', 'United Kingdom', '46546', '32', '15.10.1084', '424325335', 'iamjones@gmail', 'Colletoraddict', 'gottahaveemall', 'Fatsidekick', 'Raiding', '4242', '24446', '42424', '20637', '53253', 'Tresure Hunter', 'National Treasure', '424242424', '424242536575', '324242452', 0, '1505212191Dhoperchopnews.xls'),
(15, 1, 3, 1, 'imasexybitch', 'Tomb', 'Raider', 'Female', 'Evergreen Chanfler Street #@$24', 'London', 'London State', 'UK', '424242424', '28', '25.10.1991', '435345353', 'iamhotraider@gmail.com', 'iamlaracroft', 'shhimsexy', 'Her Butler', 'Raiding', '43242', '243242', '42424', '42961', '424242', 'Tomb Raider', 'Lara Lwra', '34275896352', '77545324', '42424242', 0, '1505212191Dhoperchopnews.xls');

-- --------------------------------------------------------

--
-- Table structure for table `tbl_filldata`
--

DROP TABLE IF EXISTS `tbl_filldata`;
CREATE TABLE IF NOT EXISTS `tbl_filldata` (
  `record_id` int(11) NOT NULL AUTO_INCREMENT,
  `data_id` int(11) NOT NULL,
  `assigment_id` int(11) NOT NULL,
  `agent_id` int(11) NOT NULL,
  `gropu_id` int(11) NOT NULL,
  `login_id` text NOT NULL,
  `given_name` text NOT NULL,
  `surname` text NOT NULL,
  `gender` text NOT NULL,
  `street_address` text NOT NULL,
  `city` text NOT NULL,
  `state` text NOT NULL,
  `country` text NOT NULL,
  `zip_code` text NOT NULL,
  `age` text NOT NULL,
  `birthday` text NOT NULL,
  `telephone_number` text NOT NULL,
  `email` text NOT NULL,
  `username` text NOT NULL,
  `password` text NOT NULL,
  `user_agent` text NOT NULL,
  `domain` text NOT NULL,
  `national_id` text NOT NULL,
  `cc_type` text NOT NULL,
  `ccv2` text NOT NULL,
  `ccexpires` varchar(255) CHARACTER SET utf8 COLLATE utf8_bin NOT NULL,
  `cc_number` text NOT NULL,
  `occupation` text NOT NULL,
  `company` text NOT NULL,
  `western_union_mtcn` text NOT NULL,
  `money_gram_mtcn` text NOT NULL,
  `ups` text NOT NULL,
  `status` tinyint(1) NOT NULL,
  `save_date` date DEFAULT NULL,
  `save_time` time DEFAULT NULL,
  `error_count` int(11) DEFAULT NULL,
  PRIMARY KEY (`record_id`)
) ENGINE=MyISAM AUTO_INCREMENT=4 DEFAULT CHARSET=latin1;

--
-- Dumping data for table `tbl_filldata`
--

INSERT INTO `tbl_filldata` (`record_id`, `data_id`, `assigment_id`, `agent_id`, `gropu_id`, `login_id`, `given_name`, `surname`, `gender`, `street_address`, `city`, `state`, `country`, `zip_code`, `age`, `birthday`, `telephone_number`, `email`, `username`, `password`, `user_agent`, `domain`, `national_id`, `cc_type`, `ccv2`, `ccexpires`, `cc_number`, `occupation`, `company`, `western_union_mtcn`, `money_gram_mtcn`, `ups`, `status`, `save_date`, `save_time`, `error_count`) VALUES
(1, 11, 1, 1, 1, 'hhrfhfgh', 'fghfd', 'fhhfghfh', '', 'fhfdhfd', 'hfdhdf', 'fdhfdh', 'fdhfdhfdh', '75475754754', '576547', '54rhfghfdhfd', '56546754654', 'hfdhfd@gmail.com', 'frhfhfdhfd', 'hbdfhfdhf', 'hfdhfdh', 'fdhfdhfd', 'fdhfdhfdh', 'fdhfdhfd', 'hfdhfdhfd', '', 'hfdhfdhfd', 'hfdhfdhfd', 'hdfhfhfhfdgdsgdsgds', 'gdsgdsgdsgds', 'dgdsgdsgd', 'dgdsgdgdsgds', 1, '2017-09-12', '05:22:39', NULL),
(2, 1, 1, 1, 1, 'hfhfhfd', 'Naruto', 'Male', '', 'hhfdhfd', 'fhfdh', 'fhfdhfd', 'fdhfdh', '6546436', '4643', 'ffdhgdfg', '643643', 's@s.com', 'bhfdhfd', 'fdhfd', 'fdhfd', 'fdhfdhfd', 'fdhfdh', 'fdhfd', 'fdhfd', 'fdhfdhdf', 'hfdhfd', 'fdhfd', 'fdhfdh', 'fdhfd', 'fdhfdhf', 'dhfd', 1, '2017-09-12', '07:08:12', 1),
(3, 2, 1, 1, 1, 'fgdfgdsf', 'Sasuke', 'Male', '', 'fdhfdh', 'fdhgfd', 'fhgdfh', 'fdhdf', '4643643', '43643', '43643', '4643', 's@s.com', 'bjhghj', 'hgh', 'h', 'ggf', 'g', 'fgf', 'fgfdgf', 'dgfdg', 'fgd', 'fdgdfg', 'fdgds', 'dsgds', 'dgfds', 'dsf', 1, '2017-09-12', '07:18:05', 26);

-- --------------------------------------------------------

--
-- Table structure for table `tbl_group`
--

DROP TABLE IF EXISTS `tbl_group`;
CREATE TABLE IF NOT EXISTS `tbl_group` (
  `group_id` int(11) NOT NULL AUTO_INCREMENT,
  `group_name` varchar(255) NOT NULL,
  `status` tinyint(1) NOT NULL,
  `create_at` datetime NOT NULL,
  `modify_at` datetime DEFAULT NULL,
  PRIMARY KEY (`group_id`)
) ENGINE=MyISAM AUTO_INCREMENT=2 DEFAULT CHARSET=latin1;

--
-- Dumping data for table `tbl_group`
--

INSERT INTO `tbl_group` (`group_id`, `group_name`, `status`, `create_at`, `modify_at`) VALUES
(1, 'Group I', 1, '2017-09-12 03:01:03', NULL);

-- --------------------------------------------------------

--
-- Table structure for table `tbl_group_point`
--

DROP TABLE IF EXISTS `tbl_group_point`;
CREATE TABLE IF NOT EXISTS `tbl_group_point` (
  `point_id` int(11) NOT NULL AUTO_INCREMENT,
  `group_id` int(11) NOT NULL,
  `assigmnet_id` int(11) NOT NULL,
  `point` int(11) NOT NULL,
  `publist_on` datetime NOT NULL,
  PRIMARY KEY (`point_id`)
) ENGINE=MyISAM AUTO_INCREMENT=2 DEFAULT CHARSET=latin1;

--
-- Dumping data for table `tbl_group_point`
--

INSERT INTO `tbl_group_point` (`point_id`, `group_id`, `assigmnet_id`, `point`, `publist_on`) VALUES
(1, 1, 1, 12, '2017-09-12 03:08:07');

-- --------------------------------------------------------

--
-- Table structure for table `td_company_setting`
--

DROP TABLE IF EXISTS `td_company_setting`;
CREATE TABLE IF NOT EXISTS `td_company_setting` (
  `company_setting_id` int(11) NOT NULL AUTO_INCREMENT,
  `company_name` varchar(250) NOT NULL,
  `company_address` text NOT NULL,
  `state_ut` varchar(250) NOT NULL,
  `pin_code` varchar(250) NOT NULL,
  `email_id` varchar(250) NOT NULL,
  `phn_number` varchar(250) NOT NULL,
  `gst_no` varchar(250) NOT NULL,
  `state_code` varchar(250) NOT NULL,
  `pan_no` varchar(250) NOT NULL,
  PRIMARY KEY (`company_setting_id`)
) ENGINE=MyISAM AUTO_INCREMENT=2 DEFAULT CHARSET=latin1;

--
-- Dumping data for table `td_company_setting`
--

INSERT INTO `td_company_setting` (`company_setting_id`, `company_name`, `company_address`, `state_ut`, `pin_code`, `email_id`, `phn_number`, `gst_no`, `state_code`, `pan_no`) VALUES
(1, 'DRIVER BOOKING APP', 'KOLKATA KOLKATA  ', 'West Bengal', '743504', 'test@test.com', '9830006120', '19AABCR6267NIZP', '19', 'AABCR6267N');

-- --------------------------------------------------------

--
-- Table structure for table `td_states`
--

DROP TABLE IF EXISTS `td_states`;
CREATE TABLE IF NOT EXISTS `td_states` (
  `state_id` int(11) NOT NULL AUTO_INCREMENT,
  `state_name` varchar(250) NOT NULL,
  `district_name` varchar(250) NOT NULL,
  `published` tinyint(1) NOT NULL,
  PRIMARY KEY (`state_id`)
) ENGINE=MyISAM AUTO_INCREMENT=711 DEFAULT CHARSET=latin1;

--
-- Dumping data for table `td_states`
--

INSERT INTO `td_states` (`state_id`, `state_name`, `district_name`, `published`) VALUES
(1, 'Andaman Nicobar', 'Nicobar', 1),
(2, 'Andaman Nicobar', 'North Middle Andaman', 1),
(3, 'Andaman Nicobar', 'South Andaman', 1),
(4, 'Andhra Pradesh', 'Anantapur', 1),
(5, 'Andhra Pradesh', 'Chittoor', 1),
(6, 'Andhra Pradesh', 'East Godavari', 1),
(7, 'Andhra Pradesh', 'Guntur', 1),
(8, 'Andhra Pradesh', 'Kadapa', 1),
(9, 'Andhra Pradesh', 'Krishna', 1),
(10, 'Andhra Pradesh', 'Kurnool', 1),
(11, 'Andhra Pradesh', 'Nellore', 1),
(12, 'Andhra Pradesh', 'Prakasam', 1),
(13, 'Andhra Pradesh', 'Srikakulam', 1),
(14, 'Andhra Pradesh', 'Visakhapatnam', 1),
(15, 'Andhra Pradesh', 'Vizianagaram', 1),
(16, 'Andhra Pradesh', 'West Godavari', 1),
(17, 'Arunachal Pradesh', 'Anjaw', 1),
(18, 'Arunachal Pradesh', 'Central Siang', 1),
(19, 'Arunachal Pradesh', 'Changlang', 1),
(20, 'Arunachal Pradesh', 'Dibang Valley', 1),
(21, 'Arunachal Pradesh', 'East Kameng', 1),
(22, 'Arunachal Pradesh', 'East Siang', 1),
(23, 'Arunachal Pradesh', 'Kra Daadi', 1),
(24, 'Arunachal Pradesh', 'Kurung Kumey', 1),
(25, 'Arunachal Pradesh', 'Lohit', 1),
(26, 'Arunachal Pradesh', 'Longding', 1),
(27, 'Arunachal Pradesh', 'Lower Dibang Valley', 1),
(28, 'Arunachal Pradesh', 'Lower Subansiri', 1),
(29, 'Arunachal Pradesh', 'Namsai', 1),
(30, 'Arunachal Pradesh', 'Papum Pare', 1),
(31, 'Arunachal Pradesh', 'Tawang', 1),
(32, 'Arunachal Pradesh', 'Tirap', 1),
(33, 'Arunachal Pradesh', 'Upper Siang', 1),
(34, 'Arunachal Pradesh', 'Upper Subansiri', 1),
(35, 'Arunachal Pradesh', 'West Kameng', 1),
(36, 'Arunachal Pradesh', 'West Siang', 1),
(37, 'Assam', 'Baksa', 1),
(38, 'Assam', 'Barpeta', 1),
(39, 'Assam', 'Biswanath', 1),
(40, 'Assam', 'Bongaigaon', 1),
(41, 'Assam', 'Cachar', 1),
(42, 'Assam', 'Charaideo', 1),
(43, 'Assam', 'Chirang', 1),
(44, 'Assam', 'Darrang', 1),
(45, 'Assam', 'Dhemaji', 1),
(46, 'Assam', 'Dhubri', 1),
(47, 'Assam', 'Dibrugarh', 1),
(48, 'Assam', 'Dima Hasao', 1),
(49, 'Assam', 'Goalpara', 1),
(50, 'Assam', 'Golaghat', 1),
(51, 'Assam', 'Hailakandi', 1),
(52, 'Assam', 'Hojai', 1),
(53, 'Assam', 'Jorhat', 1),
(54, 'Assam', 'Kamrup', 1),
(55, 'Assam', 'Kamrup Metropolitan', 1),
(56, 'Assam', 'Karbi Anglong', 1),
(57, 'Assam', 'Karimganj', 1),
(58, 'Assam', 'Kokrajhar', 1),
(59, 'Assam', 'Lakhimpur', 1),
(60, 'Assam', 'Majuli', 1),
(61, 'Assam', 'Morigaon', 1),
(62, 'Assam', 'Nagaon', 1),
(63, 'Assam', 'Nalbari', 1),
(64, 'Assam', 'Sivasagar', 1),
(65, 'Assam', 'Sonitpur', 1),
(66, 'Assam', 'South Salmara-Mankachar', 1),
(67, 'Assam', 'Tinsukia', 1),
(68, 'Assam', 'Udalguri', 1),
(69, 'Assam', 'West Karbi Anglong', 1),
(70, 'Bihar', 'Araria', 1),
(71, 'Bihar', 'Arwal', 1),
(72, 'Bihar', 'Aurangabad', 1),
(73, 'Bihar', 'Banka', 1),
(74, 'Bihar', 'Begusarai', 1),
(75, 'Bihar', 'Bhagalpur', 1),
(76, 'Bihar', 'Bhojpur', 1),
(77, 'Bihar', 'Buxar', 1),
(78, 'Bihar', 'Darbhanga', 1),
(79, 'Bihar', 'East Champaran', 1),
(80, 'Bihar', 'Gaya', 1),
(81, 'Bihar', 'Gopalganj', 1),
(82, 'Bihar', 'Jamui', 1),
(83, 'Bihar', 'Jehanabad', 1),
(84, 'Bihar', 'Kaimur', 1),
(85, 'Bihar', 'Katihar', 1),
(86, 'Bihar', 'Khagaria', 1),
(87, 'Bihar', 'Kishanganj', 1),
(88, 'Bihar', 'Lakhisarai', 1),
(89, 'Bihar', 'Madhepura', 1),
(90, 'Bihar', 'Madhubani', 1),
(91, 'Bihar', 'Munger', 1),
(92, 'Bihar', 'Muzaffarpur', 1),
(93, 'Bihar', 'Nalanda', 1),
(94, 'Bihar', 'Nawada', 1),
(95, 'Bihar', 'Patna', 1),
(96, 'Bihar', 'Purnia', 1),
(97, 'Bihar', 'Rohtas', 1),
(98, 'Bihar', 'Saharsa', 1),
(99, 'Bihar', 'Samastipur', 1),
(100, 'Bihar', 'Saran', 1),
(101, 'Bihar', 'Sheikhpura', 1),
(102, 'Bihar', 'Sheohar', 1),
(103, 'Bihar', 'Sitamarhi', 1),
(104, 'Bihar', 'Siwan', 1),
(105, 'Bihar', 'Supaul', 1),
(106, 'Bihar', 'Vaishali', 1),
(107, 'Bihar', 'West Champaran', 1),
(108, 'Chandigarh', 'Chandigarh', 1),
(109, 'Chhattisgarh', 'Balod', 1),
(110, 'Chhattisgarh', 'Baloda Bazar', 1),
(111, 'Chhattisgarh', 'Balrampur', 1),
(112, 'Chhattisgarh', 'Bastar', 1),
(113, 'Chhattisgarh', 'Bemetara', 1),
(114, 'Chhattisgarh', 'Bijapur', 1),
(115, 'Chhattisgarh', 'Bilaspur', 1),
(116, 'Chhattisgarh', 'Dantewada', 1),
(117, 'Chhattisgarh', 'Dhamtari', 1),
(118, 'Chhattisgarh', 'Durg', 1),
(119, 'Chhattisgarh', 'Gariaband', 1),
(120, 'Chhattisgarh', 'Janjgir Champa', 1),
(121, 'Chhattisgarh', 'Jashpur', 1),
(122, 'Chhattisgarh', 'Kabirdham', 1),
(123, 'Chhattisgarh', 'Kanker', 1),
(124, 'Chhattisgarh', 'Kondagaon', 1),
(125, 'Chhattisgarh', 'Korba', 1),
(126, 'Chhattisgarh', 'Koriya', 1),
(127, 'Chhattisgarh', 'Mahasamund', 1),
(128, 'Chhattisgarh', 'Mungeli', 1),
(129, 'Chhattisgarh', 'Narayanpur', 1),
(130, 'Chhattisgarh', 'Raigarh', 1),
(131, 'Chhattisgarh', 'Raipur', 1),
(132, 'Chhattisgarh', 'Rajnandgaon', 1),
(133, 'Chhattisgarh', 'Sukma', 1),
(134, 'Chhattisgarh', 'Surajpur', 1),
(135, 'Chhattisgarh', 'Surguja', 1),
(136, 'Dadra Nagar Haveli', 'Dadra Nagar Haveli', 1),
(137, 'Daman Diu', 'Daman', 1),
(138, 'Daman Diu', 'Diu', 1),
(139, 'Delhi', 'Central Delhi', 1),
(140, 'Delhi', 'East Delhi', 1),
(141, 'Delhi', 'New Delhi', 1),
(142, 'Delhi', 'North Delhi', 1),
(143, 'Delhi', 'North East Delhi', 1),
(144, 'Delhi', 'North West Delhi', 1),
(145, 'Delhi', 'Shahdara', 1),
(146, 'Delhi', 'South Delhi', 1),
(147, 'Delhi', 'South East Delhi', 1),
(148, 'Delhi', 'South West Delhi', 1),
(149, 'Delhi', 'West Delhi', 1),
(150, 'Goa', 'North Goa', 1),
(151, 'Goa', 'South Goa', 1),
(152, 'Gujarat', 'Ahmedabad', 1),
(153, 'Gujarat', 'Amreli', 1),
(154, 'Gujarat', 'Anand', 1),
(155, 'Gujarat', 'Aravalli', 1),
(156, 'Gujarat', 'Banaskantha', 1),
(157, 'Gujarat', 'Bharuch', 1),
(158, 'Gujarat', 'Bhavnagar', 1),
(159, 'Gujarat', 'Botad', 1),
(160, 'Gujarat', 'Chhota Udaipur', 1),
(161, 'Gujarat', 'Dahod', 1),
(162, 'Gujarat', 'Dang', 1),
(163, 'Gujarat', 'Devbhoomi Dwarka', 1),
(164, 'Gujarat', 'Gandhinagar', 1),
(165, 'Gujarat', 'Gir Somnath', 1),
(166, 'Gujarat', 'Jamnagar', 1),
(167, 'Gujarat', 'Junagadh', 1),
(168, 'Gujarat', 'Kheda', 1),
(169, 'Gujarat', 'Kutch', 1),
(170, 'Gujarat', 'Mahisagar', 1),
(171, 'Gujarat', 'Mehsana', 1),
(172, 'Gujarat', 'Morbi', 1),
(173, 'Gujarat', 'Narmada', 1),
(174, 'Gujarat', 'Navsari', 1),
(175, 'Gujarat', 'Panchmahal', 1),
(176, 'Gujarat', 'Patan', 1),
(177, 'Gujarat', 'Porbandar', 1),
(178, 'Gujarat', 'Rajkot', 1),
(179, 'Gujarat', 'Sabarkantha', 1),
(180, 'Gujarat', 'Surat', 1),
(181, 'Gujarat', 'Surendranagar', 1),
(182, 'Gujarat', 'Tapi', 1),
(183, 'Gujarat', 'Vadodara', 1),
(184, 'Gujarat', 'Valsad', 1),
(185, 'Haryana', 'Ambala', 1),
(186, 'Haryana', 'Bhiwani', 1),
(187, 'Haryana', 'Charkhi Dadri', 1),
(188, 'Haryana', 'Faridabad', 1),
(189, 'Haryana', 'Fatehabad', 1),
(190, 'Haryana', 'Gurugram', 1),
(191, 'Haryana', 'Hisar', 1),
(192, 'Haryana', 'Jhajjar', 1),
(193, 'Haryana', 'Jind', 1),
(194, 'Haryana', 'Kaithal', 1),
(195, 'Haryana', 'Karnal', 1),
(196, 'Haryana', 'Kurukshetra', 1),
(197, 'Haryana', 'Mahendragarh', 1),
(198, 'Haryana', 'Mewat', 1),
(199, 'Haryana', 'Palwal', 1),
(200, 'Haryana', 'Panchkula', 1),
(201, 'Haryana', 'Panipat', 1),
(202, 'Haryana', 'Rewari', 1),
(203, 'Haryana', 'Rohtak', 1),
(204, 'Haryana', 'Sirsa', 1),
(205, 'Haryana', 'Sonipat', 1),
(206, 'Haryana', 'Yamunanagar', 1),
(207, 'Himachal Pradesh', 'Bilaspur', 1),
(208, 'Himachal Pradesh', 'Chamba', 1),
(209, 'Himachal Pradesh', 'Hamirpur', 1),
(210, 'Himachal Pradesh', 'Kangra', 1),
(211, 'Himachal Pradesh', 'Kinnaur', 1),
(212, 'Himachal Pradesh', 'Kullu', 1),
(213, 'Himachal Pradesh', 'Lahaul Spiti', 1),
(214, 'Himachal Pradesh', 'Mandi', 1),
(215, 'Himachal Pradesh', 'Shimla', 1),
(216, 'Himachal Pradesh', 'Sirmaur', 1),
(217, 'Himachal Pradesh', 'Solan', 1),
(218, 'Himachal Pradesh', 'Una', 1),
(219, 'Jammu Kashmir', 'Anantnag', 1),
(220, 'Jammu Kashmir', 'Bandipora', 1),
(221, 'Jammu Kashmir', 'Baramulla', 1),
(222, 'Jammu Kashmir', 'Budgam', 1),
(223, 'Jammu Kashmir', 'Doda', 1),
(224, 'Jammu Kashmir', 'Ganderbal', 1),
(225, 'Jammu Kashmir', 'Jammu', 1),
(226, 'Jammu Kashmir', 'Kargil', 1),
(227, 'Jammu Kashmir', 'Kathua', 1),
(228, 'Jammu Kashmir', 'Kishtwar', 1),
(229, 'Jammu Kashmir', 'Kulgam', 1),
(230, 'Jammu Kashmir', 'Kupwara', 1),
(231, 'Jammu Kashmir', 'Leh', 1),
(232, 'Jammu Kashmir', 'Poonch', 1),
(233, 'Jammu Kashmir', 'Pulwama', 1),
(234, 'Jammu Kashmir', 'Rajouri', 1),
(235, 'Jammu Kashmir', 'Ramban', 1),
(236, 'Jammu Kashmir', 'Reasi', 1),
(237, 'Jammu Kashmir', 'Samba', 1),
(238, 'Jammu Kashmir', 'Shopian', 1),
(239, 'Jammu Kashmir', 'Srinagar', 1),
(240, 'Jammu Kashmir', 'Udhampur', 1),
(241, 'Jharkhand', 'Bokaro', 1),
(242, 'Jharkhand', 'Chatra', 1),
(243, 'Jharkhand', 'Deoghar', 1),
(244, 'Jharkhand', 'Dhanbad', 1),
(245, 'Jharkhand', 'Dumka', 1),
(246, 'Jharkhand', 'East Singhbhum', 1),
(247, 'Jharkhand', 'Garhwa', 1),
(248, 'Jharkhand', 'Giridih', 1),
(249, 'Jharkhand', 'Godda', 1),
(250, 'Jharkhand', 'Gumla', 1),
(251, 'Jharkhand', 'Hazaribagh', 1),
(252, 'Jharkhand', 'Jamtara', 1),
(253, 'Jharkhand', 'Khunti', 1),
(254, 'Jharkhand', 'Koderma', 1),
(255, 'Jharkhand', 'Latehar', 1),
(256, 'Jharkhand', 'Lohardaga', 1),
(257, 'Jharkhand', 'Pakur', 1),
(258, 'Jharkhand', 'Palamu', 1),
(259, 'Jharkhand', 'Ramgarh', 1),
(260, 'Jharkhand', 'Ranchi', 1),
(261, 'Jharkhand', 'Sahebganj', 1),
(262, 'Jharkhand', 'Seraikela Kharsawan', 1),
(263, 'Jharkhand', 'Simdega', 1),
(264, 'Jharkhand', 'West Singhbhum', 1),
(265, 'Karnataka', 'Bagalkot', 1),
(266, 'Karnataka', 'Bangalore Rural', 1),
(267, 'Karnataka', 'Bangalore Urban', 1),
(268, 'Karnataka', 'Belgaum', 1),
(269, 'Karnataka', 'Bellary', 1),
(270, 'Karnataka', 'Bidar', 1),
(271, 'Karnataka', 'Bijapur', 1),
(272, 'Karnataka', 'Chamarajanagar', 1),
(273, 'Karnataka', 'Chikkaballapur', 1),
(274, 'Karnataka', 'Chikkamagaluru', 1),
(275, 'Karnataka', 'Chitradurga', 1),
(276, 'Karnataka', 'Dakshina Kannada', 1),
(277, 'Karnataka', 'Davanagere', 1),
(278, 'Karnataka', 'Dharwad', 1),
(279, 'Karnataka', 'Gadag', 1),
(280, 'Karnataka', 'Gulbarga', 1),
(281, 'Karnataka', 'Hassan', 1),
(282, 'Karnataka', 'Haveri', 1),
(283, 'Karnataka', 'Kodagu', 1),
(284, 'Karnataka', 'Kolar', 1),
(285, 'Karnataka', 'Koppal', 1),
(286, 'Karnataka', 'Mandya', 1),
(287, 'Karnataka', 'Mysore', 1),
(288, 'Karnataka', 'Raichur', 1),
(289, 'Karnataka', 'Ramanagara', 1),
(290, 'Karnataka', 'Shimoga', 1),
(291, 'Karnataka', 'Tumkur', 1),
(292, 'Karnataka', 'Udupi', 1),
(293, 'Karnataka', 'Uttara Kannada', 1),
(294, 'Karnataka', 'Yadgir', 1),
(295, 'Kerala', 'Alappuzha', 1),
(296, 'Kerala', 'Ernakulam', 1),
(297, 'Kerala', 'Idukki', 1),
(298, 'Kerala', 'Kannur', 1),
(299, 'Kerala', 'Kasaragod', 1),
(300, 'Kerala', 'Kollam', 1),
(301, 'Kerala', 'Kottayam', 1),
(302, 'Kerala', 'Kozhikode', 1),
(303, 'Kerala', 'Malappuram', 1),
(304, 'Kerala', 'Palakkad', 1),
(305, 'Kerala', 'Pathanamthitta', 1),
(306, 'Kerala', 'Thiruvananthapuram', 1),
(307, 'Kerala', 'Thrissur', 1),
(308, 'Kerala', 'Wayanad', 1),
(309, 'Lakshadweep', 'Lakshadweep', 1),
(310, 'Madhya Pradesh', 'Agar Malwa', 1),
(311, 'Madhya Pradesh', 'Alirajpur', 1),
(312, 'Madhya Pradesh', 'Anuppur', 1),
(313, 'Madhya Pradesh', 'Ashoknagar', 1),
(314, 'Madhya Pradesh', 'Balaghat', 1),
(315, 'Madhya Pradesh', 'Barwani', 1),
(316, 'Madhya Pradesh', 'Betul', 1),
(317, 'Madhya Pradesh', 'Bhind', 1),
(318, 'Madhya Pradesh', 'Bhopal', 1),
(319, 'Madhya Pradesh', 'Burhanpur', 1),
(320, 'Madhya Pradesh', 'Chhatarpur', 1),
(321, 'Madhya Pradesh', 'Chhindwara', 1),
(322, 'Madhya Pradesh', 'Damoh', 1),
(323, 'Madhya Pradesh', 'Datia', 1),
(324, 'Madhya Pradesh', 'Dewas', 1),
(325, 'Madhya Pradesh', 'Dhar', 1),
(326, 'Madhya Pradesh', 'Dindori', 1),
(327, 'Madhya Pradesh', 'Guna', 1),
(328, 'Madhya Pradesh', 'Gwalior', 1),
(329, 'Madhya Pradesh', 'Harda', 1),
(330, 'Madhya Pradesh', 'Hoshangabad', 1),
(331, 'Madhya Pradesh', 'Indore', 1),
(332, 'Madhya Pradesh', 'Jabalpur', 1),
(333, 'Madhya Pradesh', 'Jhabua', 1),
(334, 'Madhya Pradesh', 'Katni', 1),
(335, 'Madhya Pradesh', 'Khandwa', 1),
(336, 'Madhya Pradesh', 'Khargone', 1),
(337, 'Madhya Pradesh', 'Mandla', 1),
(338, 'Madhya Pradesh', 'Mandsaur', 1),
(339, 'Madhya Pradesh', 'Morena', 1),
(340, 'Madhya Pradesh', 'Narsinghpur', 1),
(341, 'Madhya Pradesh', 'Neemuch', 1),
(342, 'Madhya Pradesh', 'Panna', 1),
(343, 'Madhya Pradesh', 'Raisen', 1),
(344, 'Madhya Pradesh', 'Rajgarh', 1),
(345, 'Madhya Pradesh', 'Ratlam', 1),
(346, 'Madhya Pradesh', 'Rewa', 1),
(347, 'Madhya Pradesh', 'Sagar', 1),
(348, 'Madhya Pradesh', 'Satna', 1),
(349, 'Madhya Pradesh', 'Sehore', 1),
(350, 'Madhya Pradesh', 'Seoni', 1),
(351, 'Madhya Pradesh', 'Shahdol', 1),
(352, 'Madhya Pradesh', 'Shajapur', 1),
(353, 'Madhya Pradesh', 'Sheopur', 1),
(354, 'Madhya Pradesh', 'Shivpuri', 1),
(355, 'Madhya Pradesh', 'Sidhi', 1),
(356, 'Madhya Pradesh', 'Singrauli', 1),
(357, 'Madhya Pradesh', 'Tikamgarh', 1),
(358, 'Madhya Pradesh', 'Ujjain', 1),
(359, 'Madhya Pradesh', 'Umaria', 1),
(360, 'Madhya Pradesh', 'Vidisha', 1),
(361, 'Maharashtra', 'Ahmednagar', 1),
(362, 'Maharashtra', 'Akola', 1),
(363, 'Maharashtra', 'Amravati', 1),
(364, 'Maharashtra', 'Aurangabad', 1),
(365, 'Maharashtra', 'Beed', 1),
(366, 'Maharashtra', 'Bhandara', 1),
(367, 'Maharashtra', 'Buldhana', 1),
(368, 'Maharashtra', 'Chandrapur', 1),
(369, 'Maharashtra', 'Dhule', 1),
(370, 'Maharashtra', 'Gadchiroli', 1),
(371, 'Maharashtra', 'Gondia', 1),
(372, 'Maharashtra', 'Hingoli', 1),
(373, 'Maharashtra', 'Jalgaon', 1),
(374, 'Maharashtra', 'Jalna', 1),
(375, 'Maharashtra', 'Kolhapur', 1),
(376, 'Maharashtra', 'Latur', 1),
(377, 'Maharashtra', 'Mumbai City', 1),
(378, 'Maharashtra', 'Mumbai Suburban', 1),
(379, 'Maharashtra', 'Nagpur', 1),
(380, 'Maharashtra', 'Nanded', 1),
(381, 'Maharashtra', 'Nandurbar', 1),
(382, 'Maharashtra', 'Nashik', 1),
(383, 'Maharashtra', 'Osmanabad', 1),
(384, 'Maharashtra', 'Palghar', 1),
(385, 'Maharashtra', 'Parbhani', 1),
(386, 'Maharashtra', 'Pune', 1),
(387, 'Maharashtra', 'Raigad', 1),
(388, 'Maharashtra', 'Ratnagiri', 1),
(389, 'Maharashtra', 'Sangli', 1),
(390, 'Maharashtra', 'Satara', 1),
(391, 'Maharashtra', 'Sindhudurg', 1),
(392, 'Maharashtra', 'Solapur', 1),
(393, 'Maharashtra', 'Thane', 1),
(394, 'Maharashtra', 'Wardha', 1),
(395, 'Maharashtra', 'Washim', 1),
(396, 'Maharashtra', 'Yavatmal', 1),
(397, 'Manipur', 'Bishnupur', 1),
(398, 'Manipur', 'Chandel', 1),
(399, 'Manipur', 'Churachandpur', 1),
(400, 'Manipur', 'Imphal East', 1),
(401, 'Manipur', 'Imphal West', 1),
(402, 'Manipur', 'Senapati', 1),
(403, 'Manipur', 'Tamenglong', 1),
(404, 'Manipur', 'Thoubal', 1),
(405, 'Manipur', 'Ukhrul', 1),
(406, 'Meghalaya', 'East Garo Hills', 1),
(407, 'Meghalaya', 'East Jaintia Hills', 1),
(408, 'Meghalaya', 'East Khasi Hills', 1),
(409, 'Meghalaya', 'North Garo Hills', 1),
(410, 'Meghalaya', 'Ri Bhoi', 1),
(411, 'Meghalaya', 'South Garo Hills', 1),
(412, 'Meghalaya', 'South West Garo Hills', 1),
(413, 'Meghalaya', 'South West Khasi Hills', 1),
(414, 'Meghalaya', 'West Garo Hills', 1),
(415, 'Meghalaya', 'West Jaintia Hills', 1),
(416, 'Meghalaya', 'West Khasi Hills', 1),
(417, 'Mizoram', 'Aizawl', 1),
(418, 'Mizoram', 'Champhai', 1),
(419, 'Mizoram', 'Kolasib', 1),
(420, 'Mizoram', 'Lawngtlai', 1),
(421, 'Mizoram', 'Lunglei', 1),
(422, 'Mizoram', 'Mamit', 1),
(423, 'Mizoram', 'Saiha', 1),
(424, 'Mizoram', 'Serchhip', 1),
(425, 'Nagaland', 'Dimapur', 1),
(426, 'Nagaland', 'Kiphire', 1),
(427, 'Nagaland', 'Kohima', 1),
(428, 'Nagaland', 'Longleng', 1),
(429, 'Nagaland', 'Mokokchung', 1),
(430, 'Nagaland', 'Mon', 1),
(431, 'Nagaland', 'Peren', 1),
(432, 'Nagaland', 'Phek', 1),
(433, 'Nagaland', 'Tuensang', 1),
(434, 'Nagaland', 'Wokha', 1),
(435, 'Nagaland', 'Zunheboto', 1),
(436, 'Odisha', 'Angul', 1),
(437, 'Odisha', 'Balangir', 1),
(438, 'Odisha', 'Balasore', 1),
(439, 'Odisha', 'Bargarh', 1),
(440, 'Odisha', 'Bhadrak', 1),
(441, 'Odisha', 'Boudh', 1),
(442, 'Odisha', 'Cuttack', 1),
(443, 'Odisha', 'Debagarh', 1),
(444, 'Odisha', 'Dhenkanal', 1),
(445, 'Odisha', 'Gajapati', 1),
(446, 'Odisha', 'Ganjam', 1),
(447, 'Odisha', 'Jagatsinghpur', 1),
(448, 'Odisha', 'Jajpur', 1),
(449, 'Odisha', 'Jharsuguda', 1),
(450, 'Odisha', 'Kalahandi', 1),
(451, 'Odisha', 'Kandhamal', 1),
(452, 'Odisha', 'Kendrapara', 1),
(453, 'Odisha', 'Kendujhar', 1),
(454, 'Odisha', 'Khordha', 1),
(455, 'Odisha', 'Koraput', 1),
(456, 'Odisha', 'Malkangiri', 1),
(457, 'Odisha', 'Mayurbhanj', 1),
(458, 'Odisha', 'Nabarangpur', 1),
(459, 'Odisha', 'Nayagarh', 1),
(460, 'Odisha', 'Nuapada', 1),
(461, 'Odisha', 'Puri', 1),
(462, 'Odisha', 'Rayagada', 1),
(463, 'Odisha', 'Sambalpur', 1),
(464, 'Odisha', 'Subarnapur', 1),
(465, 'Odisha', 'Sundergarh', 1),
(466, 'Puducherry', 'Karaikal', 1),
(467, 'Puducherry', 'Mahe', 1),
(468, 'Puducherry', 'Puducherry', 1),
(469, 'Puducherry', 'Yanam', 1),
(470, 'Punjab', 'Amritsar', 1),
(471, 'Punjab', 'Barnala', 1),
(472, 'Punjab', 'Bathinda', 1),
(473, 'Punjab', 'Faridkot', 1),
(474, 'Punjab', 'Fatehgarh Sahib', 1),
(475, 'Punjab', 'Fazilka', 1),
(476, 'Punjab', 'Firozpur', 1),
(477, 'Punjab', 'Gurdaspur', 1),
(478, 'Punjab', 'Hoshiarpur', 1),
(479, 'Punjab', 'Jalandhar', 1),
(480, 'Punjab', 'Kapurthala', 1),
(481, 'Punjab', 'Ludhiana', 1),
(482, 'Punjab', 'Mansa', 1),
(483, 'Punjab', 'Moga', 1),
(484, 'Punjab', 'Mohali', 1),
(485, 'Punjab', 'Muktsar', 1),
(486, 'Punjab', 'Pathankot', 1),
(487, 'Punjab', 'Patiala', 1),
(488, 'Punjab', 'Rupnagar', 1),
(489, 'Punjab', 'Sangrur', 1),
(490, 'Punjab', 'Shaheed Bhagat Singh Nagar', 1),
(491, 'Punjab', 'Tarn Taran', 1),
(492, 'Rajasthan', 'Ajmer', 1),
(493, 'Rajasthan', 'Alwar', 1),
(494, 'Rajasthan', 'Banswara', 1),
(495, 'Rajasthan', 'Baran', 1),
(496, 'Rajasthan', 'Barmer', 1),
(497, 'Rajasthan', 'Bharatpur', 1),
(498, 'Rajasthan', 'Bhilwara', 1),
(499, 'Rajasthan', 'Bikaner', 1),
(500, 'Rajasthan', 'Bundi', 1),
(501, 'Rajasthan', 'Chittorgarh', 1),
(502, 'Rajasthan', 'Churu', 1),
(503, 'Rajasthan', 'Dausa', 1),
(504, 'Rajasthan', 'Dholpur', 1),
(505, 'Rajasthan', 'Dungarpur', 1),
(506, 'Rajasthan', 'Ganganagar', 1),
(507, 'Rajasthan', 'Hanumangarh', 1),
(508, 'Rajasthan', 'Jaipur', 1),
(509, 'Rajasthan', 'Jaisalmer', 1),
(510, 'Rajasthan', 'Jalore', 1),
(511, 'Rajasthan', 'Jhalawar', 1),
(512, 'Rajasthan', 'Jhunjhunu', 1),
(513, 'Rajasthan', 'Jodhpur', 1),
(514, 'Rajasthan', 'Karauli', 1),
(515, 'Rajasthan', 'Kota', 1),
(516, 'Rajasthan', 'Nagaur', 1),
(517, 'Rajasthan', 'Pali', 1),
(518, 'Rajasthan', 'Pratapgarh', 1),
(519, 'Rajasthan', 'Rajsamand', 1),
(520, 'Rajasthan', 'Sawai Madhopur', 1),
(521, 'Rajasthan', 'Sikar', 1),
(522, 'Rajasthan', 'Sirohi', 1),
(523, 'Rajasthan', 'Tonk', 1),
(524, 'Rajasthan', 'Udaipur', 1),
(525, 'Sikkim', 'East Sikkim', 1),
(526, 'Sikkim', 'North Sikkim', 1),
(527, 'Sikkim', 'South Sikkim', 1),
(528, 'Sikkim', 'West Sikkim', 1),
(529, 'Tamil Nadu', 'Ariyalur', 1),
(530, 'Tamil Nadu', 'Chennai', 1),
(531, 'Tamil Nadu', 'Coimbatore', 1),
(532, 'Tamil Nadu', 'Cuddalore', 1),
(533, 'Tamil Nadu', 'Dharmapuri', 1),
(534, 'Tamil Nadu', 'Dindigul', 1),
(535, 'Tamil Nadu', 'Erode', 1),
(536, 'Tamil Nadu', 'Kanchipuram', 1),
(537, 'Tamil Nadu', 'Kanyakumari', 1),
(538, 'Tamil Nadu', 'Karur', 1),
(539, 'Tamil Nadu', 'Krishnagiri', 1),
(540, 'Tamil Nadu', 'Madurai', 1),
(541, 'Tamil Nadu', 'Nagapattinam', 1),
(542, 'Tamil Nadu', 'Namakkal', 1),
(543, 'Tamil Nadu', 'Nilgiris', 1),
(544, 'Tamil Nadu', 'Perambalur', 1),
(545, 'Tamil Nadu', 'Pudukkottai', 1),
(546, 'Tamil Nadu', 'Ramanathapuram', 1),
(547, 'Tamil Nadu', 'Salem', 1),
(548, 'Tamil Nadu', 'Sivaganga', 1),
(549, 'Tamil Nadu', 'Thanjavur', 1),
(550, 'Tamil Nadu', 'Theni', 1),
(551, 'Tamil Nadu', 'Thoothukudi', 1),
(552, 'Tamil Nadu', 'Tiruchirappalli', 1),
(553, 'Tamil Nadu', 'Tirunelveli', 1),
(554, 'Tamil Nadu', 'Tiruppur', 1),
(555, 'Tamil Nadu', 'Tiruvallur', 1),
(556, 'Tamil Nadu', 'Tiruvannamalai', 1),
(557, 'Tamil Nadu', 'Tiruvarur', 1),
(558, 'Tamil Nadu', 'Vellore', 1),
(559, 'Tamil Nadu', 'Viluppuram', 1),
(560, 'Tamil Nadu', 'Virudhunagar', 1),
(561, 'Telangana', 'Adilabad', 1),
(562, 'Telangana', 'Bhadradri Kothagudem', 1),
(563, 'Telangana', 'Hyderabad', 1),
(564, 'Telangana', 'Jagtial', 1),
(565, 'Telangana', 'Jangaon', 1),
(566, 'Telangana', 'Jayashankar', 1),
(567, 'Telangana', 'Jogulamba', 1),
(568, 'Telangana', 'Kamareddy', 1),
(569, 'Telangana', 'Karimnagar', 1),
(570, 'Telangana', 'Khammam', 1),
(571, 'Telangana', 'Komaram Bheem', 1),
(572, 'Telangana', 'Mahabubabad', 1),
(573, 'Telangana', 'Mahbubnagar', 1),
(574, 'Telangana', 'Mancherial', 1),
(575, 'Telangana', 'Medak', 1),
(576, 'Telangana', 'Medchal', 1),
(577, 'Telangana', 'Nagarkurnool', 1),
(578, 'Telangana', 'Nalgonda', 1),
(579, 'Telangana', 'Nirmal', 1),
(580, 'Telangana', 'Nizamabad', 1),
(581, 'Telangana', 'Peddapalli', 1),
(582, 'Telangana', 'Rajanna Sircilla', 1),
(583, 'Telangana', 'Ranga Reddy', 1),
(584, 'Telangana', 'Sangareddy', 1),
(585, 'Telangana', 'Siddipet', 1),
(586, 'Telangana', 'Suryapet', 1),
(587, 'Telangana', 'Vikarabad', 1),
(588, 'Telangana', 'Wanaparthy', 1),
(589, 'Telangana', 'Warangal Rural', 1),
(590, 'Telangana', 'Warangal Urban', 1),
(591, 'Telangana', 'Yadadri Bhuvanagiri', 1),
(592, 'Tripura', 'Dhalai', 1),
(593, 'Tripura', 'Gomati', 1),
(594, 'Tripura', 'Khowai', 1),
(595, 'Tripura', 'North Tripura', 1),
(596, 'Tripura', 'Sepahijala', 1),
(597, 'Tripura', 'South Tripura', 1),
(598, 'Tripura', 'Unakoti', 1),
(599, 'Tripura', 'West Tripura', 1),
(600, 'Uttar Pradesh', 'Agra', 1),
(601, 'Uttar Pradesh', 'Aligarh', 1),
(602, 'Uttar Pradesh', 'Allahabad', 1),
(603, 'Uttar Pradesh', 'Ambedkar Nagar', 1),
(604, 'Uttar Pradesh', 'Amethi', 1),
(605, 'Uttar Pradesh', 'Amroha', 1),
(606, 'Uttar Pradesh', 'Auraiya', 1),
(607, 'Uttar Pradesh', 'Azamgarh', 1),
(608, 'Uttar Pradesh', 'Baghpat', 1),
(609, 'Uttar Pradesh', 'Bahraich', 1),
(610, 'Uttar Pradesh', 'Ballia', 1),
(611, 'Uttar Pradesh', 'Balrampur', 1),
(612, 'Uttar Pradesh', 'Banda', 1),
(613, 'Uttar Pradesh', 'Barabanki', 1),
(614, 'Uttar Pradesh', 'Bareilly', 1),
(615, 'Uttar Pradesh', 'Basti', 1),
(616, 'Uttar Pradesh', 'Bijnor', 1),
(617, 'Uttar Pradesh', 'Budaun', 1),
(618, 'Uttar Pradesh', 'Bulandshahr', 1),
(619, 'Uttar Pradesh', 'Chandauli', 1),
(620, 'Uttar Pradesh', 'Chitrakoot', 1),
(621, 'Uttar Pradesh', 'Deoria', 1),
(622, 'Uttar Pradesh', 'Etah', 1),
(623, 'Uttar Pradesh', 'Etawah', 1),
(624, 'Uttar Pradesh', 'Faizabad', 1),
(625, 'Uttar Pradesh', 'Farrukhabad', 1),
(626, 'Uttar Pradesh', 'Fatehpur', 1),
(627, 'Uttar Pradesh', 'Firozabad', 1),
(628, 'Uttar Pradesh', 'Gautam Buddha Nagar', 1),
(629, 'Uttar Pradesh', 'Ghaziabad', 1),
(630, 'Uttar Pradesh', 'Ghazipur', 1),
(631, 'Uttar Pradesh', 'Gonda', 1),
(632, 'Uttar Pradesh', 'Gorakhpur', 1),
(633, 'Uttar Pradesh', 'Hamirpur', 1),
(634, 'Uttar Pradesh', 'Hapur', 1),
(635, 'Uttar Pradesh', 'Hardoi', 1),
(636, 'Uttar Pradesh', 'Hathras', 1),
(637, 'Uttar Pradesh', 'Jalaun', 1),
(638, 'Uttar Pradesh', 'Jaunpur', 1),
(639, 'Uttar Pradesh', 'Jhansi', 1),
(640, 'Uttar Pradesh', 'Kannauj', 1),
(641, 'Uttar Pradesh', 'Kanpur Dehat', 1),
(642, 'Uttar Pradesh', 'Kanpur Nagar', 1),
(643, 'Uttar Pradesh', 'Kanshiram Nagar', 1),
(644, 'Uttar Pradesh', 'Kaushambi', 1),
(645, 'Uttar Pradesh', 'Kheri', 1),
(646, 'Uttar Pradesh', 'Kushinagar', 1),
(647, 'Uttar Pradesh', 'Lalitpur', 1),
(648, 'Uttar Pradesh', 'Lucknow', 1),
(649, 'Uttar Pradesh', 'Maharajganj', 1),
(650, 'Uttar Pradesh', 'Mahoba', 1),
(651, 'Uttar Pradesh', 'Mainpuri', 1),
(652, 'Uttar Pradesh', 'Mathura', 1),
(653, 'Uttar Pradesh', 'Mau', 1),
(654, 'Uttar Pradesh', 'Meerut', 1),
(655, 'Uttar Pradesh', 'Mirzapur', 1),
(656, 'Uttar Pradesh', 'Moradabad', 1),
(657, 'Uttar Pradesh', 'Muzaffarnagar', 1),
(658, 'Uttar Pradesh', 'Pilibhit', 1),
(659, 'Uttar Pradesh', 'Pratapgarh', 1),
(660, 'Uttar Pradesh', 'Raebareli', 1),
(661, 'Uttar Pradesh', 'Rampur', 1),
(662, 'Uttar Pradesh', 'Saharanpur', 1),
(663, 'Uttar Pradesh', 'Sambhal', 1),
(664, 'Uttar Pradesh', 'Sant Kabir Nagar', 1),
(665, 'Uttar Pradesh', 'Sant Ravidas Nagar', 1),
(666, 'Uttar Pradesh', 'Shahjahanpur', 1),
(667, 'Uttar Pradesh', 'Shamli', 1),
(668, 'Uttar Pradesh', 'Shravasti', 1),
(669, 'Uttar Pradesh', 'Siddharthnagar', 1),
(670, 'Uttar Pradesh', 'Sitapur', 1),
(671, 'Uttar Pradesh', 'Sonbhadra', 1),
(672, 'Uttar Pradesh', 'Sultanpur', 1),
(673, 'Uttar Pradesh', 'Unnao', 1),
(674, 'Uttar Pradesh', 'Varanasi', 1),
(675, 'Uttarakhand', 'Almora', 1),
(676, 'Uttarakhand', 'Bageshwar', 1),
(677, 'Uttarakhand', 'Chamoli', 1),
(678, 'Uttarakhand', 'Champawat', 1),
(679, 'Uttarakhand', 'Dehradun', 1),
(680, 'Uttarakhand', 'Haridwar', 1),
(681, 'Uttarakhand', 'Nainital', 1),
(682, 'Uttarakhand', 'Pauri Garhwal', 1),
(683, 'Uttarakhand', 'Pithoragarh', 1),
(684, 'Uttarakhand', 'Rudraprayag', 1),
(685, 'Uttarakhand', 'Tehri Garhwal', 1),
(686, 'Uttarakhand', 'Udham Singh Nagar', 1),
(687, 'Uttarakhand', 'Uttarkashi', 1),
(688, 'West Bengal', 'Alipurduar', 1),
(689, 'West Bengal', 'Bankura', 1),
(690, 'West Bengal', 'Birbhum', 1),
(691, 'West Bengal', 'Cooch Behar', 1),
(692, 'West Bengal', 'Dakshin Dinajpur', 1),
(693, 'West Bengal', 'Darjeeling', 1),
(694, 'West Bengal', 'Hooghly', 1),
(695, 'West Bengal', 'Howrah', 1),
(696, 'West Bengal', 'Jalpaiguri', 1),
(697, 'West Bengal', 'Jhargram', 1),
(698, 'West Bengal', 'Kalimpong', 1),
(699, 'West Bengal', 'Kolkata', 1),
(700, 'West Bengal', 'Malda', 1),
(701, 'West Bengal', 'Murshidabad', 1),
(702, 'West Bengal', 'Nadia', 1),
(703, 'West Bengal', 'North 24 Parganas', 1),
(704, 'West Bengal', 'Paschim Bardhaman', 1),
(705, 'West Bengal', 'Paschim Medinipur', 1),
(706, 'West Bengal', 'Purba Bardhaman', 1),
(707, 'West Bengal', 'Purba Medinipur', 1),
(708, 'West Bengal', 'Purulia', 1),
(709, 'West Bengal', 'South 24 Parganas', 1),
(710, 'West Bengal', 'Uttar Dinajpur', 1);

-- --------------------------------------------------------

--
-- Table structure for table `td_users`
--

DROP TABLE IF EXISTS `td_users`;
CREATE TABLE IF NOT EXISTS `td_users` (
  `id` int(11) NOT NULL AUTO_INCREMENT,
  `username` varchar(255) NOT NULL,
  `password` varchar(255) NOT NULL,
  `password_original` varchar(250) NOT NULL,
  `password_search` varchar(250) NOT NULL,
  `ip_address` varchar(250) NOT NULL,
  `last_login` varchar(250) NOT NULL,
  `last_browser_used` varchar(250) NOT NULL,
  `published` tinyint(1) NOT NULL,
  `islogin` tinyint(1) NOT NULL DEFAULT '0',
  PRIMARY KEY (`id`)
) ENGINE=InnoDB AUTO_INCREMENT=4 DEFAULT CHARSET=latin1 ROW_FORMAT=COMPACT;

--
-- Dumping data for table `td_users`
--

INSERT INTO `td_users` (`id`, `username`, `password`, `password_original`, `password_search`, `ip_address`, `last_login`, `last_browser_used`, `published`, `islogin`) VALUES
(3, 'admin', '59404c9b7458fb502796f7acabe66fc3', 'option123@', 'admin', '::1', '2017-09-13 4:52:25 pm', 'Mozilla/5.0 (Windows NT 6.1) AppleWebKit/537.36 (KHTML, like Gecko) Chrome/60.0.3112.113 Safari/537.36', 1, 0);

/*!40101 SET CHARACTER_SET_CLIENT=@OLD_CHARACTER_SET_CLIENT */;
/*!40101 SET CHARACTER_SET_RESULTS=@OLD_CHARACTER_SET_RESULTS */;
/*!40101 SET COLLATION_CONNECTION=@OLD_COLLATION_CONNECTION */;
